client_id,nom,email,pays
1,Gabriel Hicks,brewerwesley@gmail.com,Gibraltar
2,David Kelley,kyle33@gmail.com,Cambodia
3,Maria Mcdonald,clarkjames@yahoo.com,Heard Island and McDonald Islands
4,Daniel Castillo,yreed@koch.com,Burundi
5,Martin Hester,dguerrero@yahoo.com,Bolivia
6,Gregory Gregory,lunatimothy@hotmail.com,Albania
7,Marissa Reynolds,oliviamoore@yahoo.com,Kiribati
8,Mary Glenn,andrewshaw@strickland.com,Venezuela
9,Zachary Garrison,eric05@wood.com,Comoros
10,Carrie Bernard,mary68@hotmail.com,Palestinian Territory
11,Gregory Carter,eric31@huerta-munoz.com,Bosnia and Herzegovina
12,Terry Proctor,mary07@hart.com,Brunei Darussalam
13,Joshua Jacobs,ricky33@hotmail.com,South Georgia and the South Sandwich Islands
14,Kelly Gordon,terryjonathan@hotmail.com,Sao Tome and Principe
15,Margaret Wright,iwatson@ayala-moore.info,Holy See (Vatican City State)
16,Carlos Ross,gporter@brewer.com,Korea
17,Jamie May,baxterjaclyn@sheppard-silva.com,Bosnia and Herzegovina
18,Deborah Smith,ybell@yahoo.com,France
19,Thomas Robinson,dawnbrady@turner-soto.com,Sao Tome and Principe
20,Jeffrey Hooper,kolsen@duncan.org,Marshall Islands
21,Judy Daniels,thomasallen@lowe.net,Korea
22,Heather Ellis,kevin51@larson.com,China
23,Heather Roberts,jonathanphillips@jacobs.com,Western Sahara
24,Andrea Newton,elliottamy@yahoo.com,Suriname
25,John Ayala,jacobsimmons@yahoo.com,Estonia
26,Samantha Ortiz,ericavang@gmail.com,Grenada
27,Janice Everett,mary42@gmail.com,Congo
28,Jonathan Hunter,onunez@ward-snyder.com,Barbados
29,Kelsey Smith,allisonpaul@gmail.com,Canada
30,Rhonda Lewis,wilsonelizabeth@simmons-nolan.com,Tajikistan
31,Joel Smith,jessica20@michael.info,United States Minor Outlying Islands
32,Thomas Rose,vfloyd@yahoo.com,Canada
33,Chelsea Navarro,avazquez@yahoo.com,Belarus
34,Joanna Gonzalez,olsenjohn@oconnor.com,Nepal
35,Jill Maldonado,smorgan@yahoo.com,Chile
36,Miranda Williams,wvelasquez@hotmail.com,Lesotho
37,Amanda Mccoy,dunlaprussell@gmail.com,Sierra Leone
38,Joseph Benson,gchristensen@forbes-nguyen.net,Kenya
39,Christine Ramos DVM,eddie24@yahoo.com,British Indian Ocean Territory (Chagos Archipelago)
40,Anthony Brown,pryan@hotmail.com,Senegal
41,Sara Johnson,wilsondave@white-gonzales.com,El Salvador
42,Lorraine Griffith,kristen91@medina.com,Costa Rica
43,Kim Baker,michaelbarnett@hotmail.com,Christmas Island
44,Tricia Macias,wisediana@clarke-manning.com,Nepal
45,Anita Estrada,heatherriggs@hall.com,Palestinian Territory
46,Kristin Bryant,alisonallen@gmail.com,French Guiana
47,Gina Luna,ajohnson@williams.com,Malawi
48,Andrew Wilson,ann14@hotmail.com,Venezuela
49,John Graham,katkins@hawkins.info,Iceland
50,Natasha Fox,shannonwarren@yahoo.com,Qatar
51,Amanda Beard,smithkristen@hicks-lam.com,Angola
52,Margaret Thompson,ryan52@yahoo.com,Brazil
53,Tracy Bryant,michael89@garcia.com,Mauritania
54,Frank Sanchez,cortezjennifer@yahoo.com,Peru
55,Zachary Arellano,smiller@bowman-brown.net,Turkey
56,Ronald Young,amy44@brown.com,Wallis and Futuna
57,William Reed,shelly70@costa.com,Montenegro
58,Rachel Cantu,janetlee@gmail.com,Iran
59,Valerie Nelson,heidi92@fernandez-king.com,Portugal
60,Elizabeth Ferguson,allison10@yahoo.com,Micronesia
61,Maria Hayes,stevensmith@scott-tate.com,Svalbard & Jan Mayen Islands
62,Scott Thomas,zachary25@gmail.com,Cocos (Keeling) Islands
63,Kendra Smith,cruzmichael@hotmail.com,Switzerland
64,Linda Haas,lopezrobert@yahoo.com,Swaziland
65,Nathan Johnson,rrodriguez@yahoo.com,France
66,Diana Mcgee,ericball@lee.org,Monaco
67,Ashley Green,jennifer38@washington.com,Congo
68,Mary Simmons,chapmandustin@gmail.com,Mexico
69,Lori Johnson,maciasmatthew@hotmail.com,Brazil
70,Brooke Wood,ghernandez@gmail.com,Germany
71,Alfred Cox,laura26@conway.com,Liechtenstein
72,Rebecca Jackson,eugenedean@cruz.net,Saint Kitts and Nevis
73,Vanessa Holden,murphyamy@briggs.com,Samoa
74,Brett Vega,johnalexander@yahoo.com,Russian Federation
75,Yolanda Simpson,campbellcatherine@jones-lopez.org,Canada
76,Jessica Armstrong,ericross@hotmail.com,United States of America
77,Elizabeth Sherman,cookdarrell@rodriguez.biz,Saint Martin
78,Kyle White,mortonjoshua@hotmail.com,Algeria
79,Amy Ortiz,joshuasexton@lucero.com,Libyan Arab Jamahiriya
80,Jessica Noble,heather06@gmail.com,Bangladesh
81,Luis Rivera,michaelsmith@morris.info,Bangladesh
82,Laura Todd,josephgregory@taylor.info,Faroe Islands
83,Lori Hansen,hansenmark@hotmail.com,Cayman Islands
84,Jesse Harris,ashley96@fisher.com,Wallis and Futuna
85,Jesse Lynch,alexcox@andrews-johnson.org,Israel
86,Jessica Cole,rhondastanley@bishop.com,Luxembourg
87,Jason Turner,hmartin@becker-schaefer.com,Luxembourg
88,Kimberly Horne,westchristopher@hotmail.com,Hungary
89,Adam Martinez,kimluis@parker.com,Malta
90,Jennifer Martin,yolandakim@lawrence.com,Greece
91,Brittany Stanton,jdurham@gmail.com,Swaziland
92,Natalie Taylor,ehall@hays.com,Seychelles
93,Kimberly Chapman,tinalucas@hotmail.com,Belgium
94,Bonnie Oliver,shawna18@medina-king.com,Bangladesh
95,Jason Sanders,canderson@hotmail.com,Peru
96,Christine Bowman,jmendoza@farrell.info,Turkey
97,Mary Summers,hramirez@hotmail.com,Guatemala
98,Philip Brown,jennifer47@yahoo.com,Togo
99,Mary Knight,ericcruz@gmail.com,Kiribati
100,Michelle Castillo,donald87@gallagher-ferguson.com,Georgia
101,Cassandra Park,franklinnewman@weiss.net,Latvia
102,Jennifer Brown,brianasanchez@bennett-moreno.com,Georgia
103,Candace Estes,sarah17@garcia.com,Mauritania
104,Stephanie Ball,ofletcher@moyer-wright.com,Nauru
105,Marie Patton,zshaw@hotmail.com,Czech Republic
106,Virginia Hill,swilson@rodriguez.com,Benin
107,Kyle Ramirez,james53@hotmail.com,Uganda
108,Miss Rachel Castro PhD,harriskayla@jones.com,South Georgia and the South Sandwich Islands
109,Douglas Rojas,garciaerin@townsend-francis.info,Jamaica
110,Lisa Moore,michael17@patel.info,Bermuda
111,Matthew Murray,qandrews@phillips.com,French Guiana
112,Linda Gross,smurphy@stokes-michael.net,Romania
113,Anne Cline,morriskelly@yahoo.com,Honduras
114,Sarah Villa,tanyatucker@gmail.com,Luxembourg
115,Phillip Ramirez,andrea50@gmail.com,Maldives
116,Margaret Jenkins,tkennedy@gonzalez.org,Belarus
117,Jennifer Reese,karawilliams@gmail.com,Venezuela
118,Tina Wright,vblanchard@kane.org,Kiribati
119,Cynthia Everett,michael64@pruitt.biz,Portugal
120,Joseph Woods,zreeves@gmail.com,Cote d'Ivoire
121,Patrick Gonzalez,michaelnicholson@greer-ramirez.org,Mozambique
122,Nichole Hodges,william30@yahoo.com,Australia
123,Eric Gilbert,david03@hotmail.com,Congo
124,Kim Martin,johnsonjustin@hotmail.com,Barbados
125,Juan Allen,ugonzalez@smith.biz,Portugal
126,Brittany Hoffman,herrerabradley@yahoo.com,British Virgin Islands
127,Amanda Jackson,michaelnelson@gmail.com,Mongolia
128,Alan Sellers,zbrown@gmail.com,Finland
129,Ryan Smith,chloe53@gmail.com,Svalbard & Jan Mayen Islands
130,David Martin,framsey@davis.net,Czech Republic
131,Travis Rogers,matthewprice@cardenas-reyes.biz,India
132,Megan Meyers,maysgabriel@gmail.com,Niue
133,Andrea Cruz,moorejack@yahoo.com,Sri Lanka
134,Alexis White,kennethcline@yahoo.com,Armenia
135,Michelle Santos,boltonsteve@cunningham.com,Sudan
136,Gary Brown,wlong@hotmail.com,Dominican Republic
137,Sarah Powell,brownleah@walton-garcia.com,French Guiana
138,Alyssa Miller,zboyd@gmail.com,Sri Lanka
139,Mark Vincent,garcialeslie@gmail.com,Aruba
140,William Lee,breanna18@hotmail.com,Suriname
141,Sydney Franklin,larakevin@lane.info,Svalbard & Jan Mayen Islands
142,Heather Love,jason34@powell.info,Cape Verde
143,David Christensen,rogersmichael@gmail.com,Kazakhstan
144,Danielle Baker,baileytiffany@hotmail.com,United States of America
145,Ronald Wallace,james02@hill.com,Nepal
146,Tony Delacruz,gail74@yahoo.com,Brazil
147,Christian Martinez,hking@yahoo.com,Armenia
148,Anthony Mcpherson,april79@gmail.com,Bangladesh
149,Stephanie Long,edward84@hunter-huerta.com,Grenada
150,Alex Roberson,shepherdmaria@johnson.info,India
151,Kimberly Flores,foleylisa@yahoo.com,Uganda
152,Nathan Cox,rebecca89@cross.com,Hungary
153,Anna Walsh,francisco31@anderson.com,Cayman Islands
154,Laura Nelson,heidi27@stafford-guerrero.net,Austria
155,Lisa Zimmerman,stevensonwilliam@hotmail.com,Madagascar
156,David Taylor,kennedyjames@yahoo.com,Switzerland
157,Melissa Valencia,elopez@yang.biz,Iraq
158,Adam Lester,gregory94@smith.com,Aruba
159,Alison Anderson,dawn68@yahoo.com,Bahrain
160,Kimberly Benjamin,michaeldaniel@gmail.com,Iraq
161,David Jones,tanya71@lee.biz,Nepal
162,Alexander Brown,christopher03@gmail.com,Japan
163,Chad Horn,greenejacqueline@martinez.org,Austria
164,Eric Hicks,lknight@walker-fisher.net,Singapore
165,Lindsey Barnes,iandersen@villegas.com,Russian Federation
166,Joseph Garcia,ysanchez@ali.com,Pakistan
167,Elizabeth Lane MD,stevensanders@yahoo.com,Lithuania
168,David Campos,swilson@porter.com,Peru
169,William Chavez,riverakaren@colon.com,United States of America
170,Teresa Greene,loganalicia@armstrong.com,Chile
171,Vincent Foster,millercody@martinez.info,El Salvador
172,Adrian Barnes,deanna19@hernandez-payne.com,Heard Island and McDonald Islands
173,Paul Lowe,dwhite@hotmail.com,Switzerland
174,William Reyes,cardenaspatrick@oliver.info,Afghanistan
175,Melissa Crawford,davislaura@hotmail.com,Mauritius
176,Spencer Sloan,wagnerdaniel@gmail.com,Gambia
177,Steven Mullins,bradleyholland@gmail.com,Anguilla
178,Sara Wilkinson,ramirezanna@olson.com,Guinea-Bissau
179,Dustin Holmes,gmcbride@hotmail.com,Malta
180,Miss Kimberly Trujillo DVM,jacobanderson@pena.info,Guinea
181,Andrea Moran,willisfrancisco@hotmail.com,Ireland
182,Heather Jones,walterjoy@morales.org,Peru
183,Julia Russell,robinsonrobert@hotmail.com,United Kingdom
184,Tammy Young,julie46@vaughn.biz,Sudan
185,Brian Smith,alisonlove@hotmail.com,Liechtenstein
186,Kathleen Jones,tgonzalez@gmail.com,Korea
187,Alan Snyder,matthewgarcia@morris.com,Latvia
188,Leroy Thornton,andreajackson@gmail.com,Jamaica
189,Cheyenne Barrett,caitlin26@yahoo.com,Oman
190,Carl Murphy,elizabeth64@gmail.com,Egypt
191,Cindy Dawson,moralesamanda@yahoo.com,Slovenia
192,Shawna Kirby,fergusonnathan@weber.info,Chile
193,Brett Harvey,dawngreen@yahoo.com,Iraq
194,Caitlin Pacheco,matthewtaylor@garza-mcdonald.com,Russian Federation
195,Ms. Leslie Rivera,nhanson@baxter.com,Central African Republic
196,Timothy Brown,michaelmason@ball-kramer.com,Hong Kong
197,Diana Phillips,ronald27@francis-shaw.info,Anguilla
198,Susan Sanders,vcarroll@gmail.com,United Arab Emirates
199,Robert Wilson,vwolfe@marks.biz,Greece
200,Sandra Young,derek17@hotmail.com,France
201,Kathleen Reed,rgillespie@hotmail.com,Malawi
202,Juan Blake,michaelrivera@williams.com,Cambodia
203,Jeffery Ingram,johnsonjose@zimmerman.com,Israel
204,Marilyn Torres,rreid@arnold.com,Norway
205,Teresa Shannon,justinhudson@donaldson-franklin.com,Antigua and Barbuda
206,Kevin Johnson,cynthia17@yahoo.com,French Polynesia
207,Kelsey Davis,rpayne@yahoo.com,Madagascar
208,Abigail Miller,rosscrystal@gmail.com,Lesotho
209,Kevin Hall,perryallison@yahoo.com,Jersey
210,Thomas Williams,kurtrussell@gmail.com,Montenegro
211,Tara Dunn,taylortravis@abbott.biz,Saint Pierre and Miquelon
212,Victoria Evans,zimmermanpatrick@hotmail.com,United Arab Emirates
213,Collin Acevedo,valeriebarnes@riggs-brown.info,Honduras
214,Brittney White,harrismelissa@yahoo.com,Northern Mariana Islands
215,Miranda Woods,josephhicks@trujillo-mcdaniel.com,Zambia
216,Christina Lee,jenkinsjeffrey@yahoo.com,Niger
217,Mrs. Jennifer Sanchez,zmeadows@garcia-harrison.info,San Marino
218,John Buchanan,agardner@jackson-coleman.info,Gambia
219,Regina Ruiz,gwood@yahoo.com,Congo
220,Michael Brown,amandaalexander@hotmail.com,Guadeloupe
221,James Rios,deborahdiaz@alvarez.net,Greece
222,Tina Martinez,simpsonkathryn@bradley-lamb.com,Mauritius
223,Thomas Jackson,nathan96@gmail.com,Moldova
224,Ariana Campbell,petersonjeff@atkinson.org,Argentina
225,Melissa Doyle,andrewwilliams@gardner.com,United Arab Emirates
226,Carlos Young,rodriguezangela@bradford.com,Suriname
227,Alexis Cortez,jonathanlawson@hotmail.com,Micronesia
228,Dylan Bailey,lori75@wood-ward.info,Yemen
229,Stephanie Carroll,timothy48@cordova.com,Saint Martin
230,Jill Graves,brewersean@cole.com,Tuvalu
231,Jennifer Reid,marksoto@johnson-espinoza.biz,Cote d'Ivoire
232,Raven Washington,austinhill@nelson.com,Croatia
233,Barbara Ross,kristinhale@harris.com,Martinique
234,Benjamin Hines,jennifer63@gmail.com,Andorra
235,Sean Sutton,kathleen02@hotmail.com,Albania
236,Dana Ramirez,elizabeth97@yahoo.com,Japan
237,Christopher Nelson,rsolis@smith.com,Sierra Leone
238,Christopher Young,baileyjames@mitchell.net,Uzbekistan
239,Diana Martin,melissa58@sanders.com,Tanzania
240,Miguel Chavez,thompsonjoseph@ross.com,Macao
241,Pedro Stein,rbrooks@gmail.com,Turkey
242,Tammy Kaufman,terry90@yahoo.com,Brunei Darussalam
243,Joseph Miller,cmcclure@hunt-moore.com,Sweden
244,Cody Hall,myersmichael@hotmail.com,Sri Lanka
245,Michael Kirby Jr.,tylerwhitaker@yahoo.com,Seychelles
246,Bradley Vega,zrandolph@hotmail.com,Zambia
247,Michael Garcia,mcphersonkimberly@mejia.com,Guadeloupe
248,Eric Moore,jonathanblack@hotmail.com,Brunei Darussalam
249,Michael Lloyd,chavezjacob@gmail.com,Fiji
250,Daniel Anderson,charles98@gmail.com,Monaco
251,Jack Benjamin,lisa74@martin-johnston.com,Australia
252,Anthony Chapman,tammy67@collins-kline.com,Somalia
253,Christopher Mcdaniel,markmiranda@garcia.com,Saint Lucia
254,James Wheeler,farrelljeanne@lane.com,New Caledonia
255,Daniel Baldwin,erica51@little-lopez.com,Cuba
256,Dennis Oneill,ghoward@yahoo.com,Macao
257,Kristina Joseph,ehernandez@thornton-ramirez.net,Nauru
258,Kathleen Banks,smithandrew@george-morton.com,Samoa
259,Jessica Lewis,danielmichelle@hotmail.com,Qatar
260,Richard Taylor,kingmegan@gmail.com,Japan
261,Nichole Thomas,bennettanna@yahoo.com,Sri Lanka
262,Melody Hernandez,keithwalker@gmail.com,Mali
263,Mark Lewis,colejohnny@smith.net,Paraguay
264,Kelli Fisher,lisa72@warren.com,Wallis and Futuna
265,Christopher Henry,rwilliams@hunter-richard.biz,Nigeria
266,Kayla Davila,frenchjames@pena.com,Zambia
267,John Jones,hardinstephanie@gmail.com,Holy See (Vatican City State)
268,Amy Thompson,vryan@soto-coleman.com,Kiribati
269,Casey Freeman,stevenlee@gmail.com,South Africa
270,Carlos Todd,vdunn@garcia.com,British Virgin Islands
271,Donna Mooney,seanroman@patton.com,Czech Republic
272,Holly Reed,matthewstewart@guzman.com,Guam
273,Robert Spence,garrisonscott@brown.org,Fiji
274,Linda Brown,mathewross@clark.com,Benin
275,Jennifer Macdonald,billyashley@farley.org,Ecuador
276,Amy Moore,larryfrench@gmail.com,Papua New Guinea
277,Shane Freeman,tonya86@hotmail.com,Northern Mariana Islands
278,Calvin Beltran,toddshaw@hotmail.com,Guam
279,Cheyenne Roth,jimenezlisa@robinson.com,Mali
280,Lori Cooper,david92@day.com,Slovenia
281,Kim Adams,pollardwilliam@yahoo.com,Zimbabwe
282,Wanda Marshall,ruben47@yahoo.com,Nicaragua
283,Richard Kirby,jennifer88@mcintosh-bird.com,Greenland
284,Michael Soto,mcdowelltroy@yahoo.com,Nauru
285,Stacey Gonzalez,hector50@yahoo.com,Algeria
286,Danielle Parker,milleramanda@hotmail.com,Nigeria
287,Justin Martinez,william30@thompson.com,Yemen
288,Charles Banks,hortonshari@salazar.com,Tonga
289,Frank Walker,michael65@yahoo.com,Cameroon
290,Antonio Williams,comptontheresa@hotmail.com,Tokelau
291,Monica Wolf,donna58@long.net,Brunei Darussalam
292,Tamara Thompson DVM,eatondonna@young.com,Madagascar
293,Michael Dean,freemanjonathan@gmail.com,Cote d'Ivoire
294,Jeffrey Morris,wduncan@yahoo.com,Ecuador
295,Carrie Steele,jaredthomas@gardner.com,Isle of Man
296,Jesse Lambert,desiree33@hancock.com,Kuwait
297,Douglas Cook,lorizavala@gmail.com,Qatar
298,Antonio Watson,melissa63@ward-cooper.com,Turkmenistan
299,Roger Larsen,georgeshawn@dixon-bauer.com,Honduras
300,Nicholas Black,garciagregory@mckenzie-scott.org,Slovakia (Slovak Republic)
301,Karen Barnett,villanuevaclayton@gmail.com,Algeria
302,Jorge Harris,samanthaluna@hotmail.com,Korea
303,Preston Walter,qroman@yahoo.com,Bolivia
304,Jacob Watkins,angela93@hutchinson-roberts.info,Philippines
305,Lisa Gallegos,bakerjennifer@santiago.com,Luxembourg
306,Ashley Williams,zmcguire@smith.com,Sweden
307,Nancy Harris,perkinsaaron@gmail.com,French Guiana
308,Laura Fisher,deansara@sanders-lee.com,Chad
309,Angela Smith,pdillon@gmail.com,Saint Vincent and the Grenadines
310,Charles Briggs,ashley44@yahoo.com,United Kingdom
311,Brenda Mendez,amanda50@weaver-le.com,Uruguay
312,Matthew Hahn,stephaniefoley@yahoo.com,Ecuador
313,Dr. Brianna Nguyen,amber01@hotmail.com,Svalbard & Jan Mayen Islands
314,Christopher Leonard,christinaboyle@holmes.net,Belgium
315,Derek Carson,knelson@jenkins.com,Georgia
316,Molly Guerrero,kellygavin@stephens.org,Puerto Rico
317,Sarah Hall,ashley12@miller.com,China
318,Rachel Edwards,michelle41@gmail.com,Burkina Faso
319,Daniel Smith,james35@dixon.com,Portugal
320,Michelle Nelson,contrerasdavid@hotmail.com,Saint Barthelemy
321,Kimberly Murray,along@green.com,Lebanon
322,Cassidy Hubbard,umiller@mcguire-herrera.net,Cook Islands
323,Aaron Miller,michaelwillis@garcia-conner.net,Afghanistan
324,Nicole Garza,mhaney@armstrong.com,Eritrea
325,Jason Reyes,lesliesawyer@yahoo.com,Saint Martin
326,Marie Haley,jasonrobertson@yahoo.com,Equatorial Guinea
327,Shaun Manning,pricemegan@gomez.org,Pakistan
328,Laurie Sloan,bholt@yahoo.com,Saint Kitts and Nevis
329,Karen Ruiz,powelljoshua@thompson-jones.net,Gabon
330,Julie Cortez,danielleyoung@gmail.com,Western Sahara
331,John Graham,unovak@nelson-leach.net,Armenia
332,Karen Alvarado,reeddavid@yahoo.com,Guyana
333,Daniel Pacheco,hcompton@gmail.com,Mayotte
334,Alexandria Vasquez,jimmyfranco@gmail.com,Tonga
335,Marcus Hickman,alyssa60@sullivan.com,Nepal
336,Tara Kelley,rrhodes@bean.org,Spain
337,Timothy Payne,andrewwilliams@hotmail.com,Canada
338,Andrea Cooper,sara19@yahoo.com,Saint Pierre and Miquelon
339,Nancy Johnson,angelastewart@foster.com,Jamaica
340,Anthony Elliott,bcollins@aguilar.com,Cyprus
341,Richard Williams,woodcharles@garcia-jenkins.info,Madagascar
342,Melissa Lang,jessicacarter@haney.org,Jersey
343,William Barrera,george45@yahoo.com,Antigua and Barbuda
344,Robert Stevens,geraldbrown@gmail.com,Nicaragua
345,Melissa Roberts,wayne16@jackson.org,United Arab Emirates
346,Tiffany Clark,galvankristi@hotmail.com,Tunisia
347,Matthew Pierce,samuel77@harris.org,Portugal
348,Leslie Choi,william09@yahoo.com,Heard Island and McDonald Islands
349,Amanda Jones,kristenmartinez@smith-mack.org,Colombia
350,Lance Romero,xmeadows@hotmail.com,San Marino
351,Danielle Perez,brian48@gmail.com,Kazakhstan
352,Alexandra Kim,gsparks@hotmail.com,Turkmenistan
353,Evan Elliott,fordglenn@clark-raymond.com,French Southern Territories
354,Lauren Deleon,ryan74@yahoo.com,Myanmar
355,Robert Rice,jeffreyelliott@haney.info,Namibia
356,James Brown,harrisnathaniel@yahoo.com,Saudi Arabia
357,Jennifer Herrera,xreynolds@yahoo.com,Jersey
358,Christopher Jones,hinesmichael@hotmail.com,Ireland
359,Morgan Henry,danielle67@downs-watson.org,Burundi
360,Heather Morales,cory36@yahoo.com,Lesotho
361,Angela Stanley,kenneth83@lynch.info,New Zealand
362,Derrick Forbes,wclark@medina.com,Finland
363,George Brooks,daylori@smith.com,Cook Islands
364,Allison Allen,ernestmaddox@gmail.com,Guyana
365,Julia Wagner,christopher89@yahoo.com,Croatia
366,Joseph Zavala,caldwelljames@gmail.com,San Marino
367,Juan Martinez,vmarks@yahoo.com,Norway
368,Thomas Barker,joshuahart@yahoo.com,Barbados
369,Abigail Smith,jacobsrachel@gmail.com,Western Sahara
370,Joseph Duarte,lewissamantha@hotmail.com,Togo
371,Timothy Dean,stephensdaniel@murphy.com,Vietnam
372,William Stanley,erinhaas@hotmail.com,Egypt
373,Frederick Myers,kelly93@garcia-proctor.biz,Dominica
374,Sherry Atkins,ncallahan@sanders-young.org,Estonia
375,Michael Ellis,sanchezdalton@yahoo.com,Dominica
376,Thomas Porter,zwatson@gmail.com,Montenegro
377,Mrs. Michelle Valdez,chadtaylor@moore-thomas.info,Philippines
378,Tammy Gutierrez,stokeskimberly@everett.com,South Africa
379,Denise Brooks,snyderkathryn@lynch-miller.com,Morocco
380,Kaylee Moreno,gilbertholly@hotmail.com,Georgia
381,Stephanie George,pagedalton@hotmail.com,United States Minor Outlying Islands
382,Amy Rogers,robinsonpaula@wyatt.com,Cameroon
383,Tamara Oliver,donna72@green.com,Bahrain
384,Phillip Gates,evanreynolds@gmail.com,Chile
385,Jeremiah Brown,dustin83@gmail.com,Andorra
386,James Hart,zacharymartinez@gmail.com,Chad
387,Mrs. Ruth Lester DDS,jennifermccarty@waters.com,Saint Barthelemy
388,Allen Williams,lisaharrison@dixon.info,Poland
389,Glenn Wilson,laura55@ramirez.org,Rwanda
390,Sally Clark,larsonkristen@gmail.com,Anguilla
391,Amanda Hernandez,uevans@jones.com,Sierra Leone
392,Mike Berry,wilsonmatthew@yahoo.com,Australia
393,Molly Lucas,nmontgomery@johnson.info,Honduras
394,Benjamin Evans,ethan85@hotmail.com,Saudi Arabia
395,Melanie Holmes,dwest@edwards-king.net,Cayman Islands
396,Amy Garcia,joyceballard@hotmail.com,Nauru
397,Dr. Angie Reed,david65@russell-hall.com,Trinidad and Tobago
398,Robert Rodriguez,jonesbruce@edwards-valenzuela.org,Dominican Republic
399,Jennifer Gomez,evelyn69@bryant-price.net,Mongolia
400,Kyle Williams,bennettvictor@howe-meyers.com,Tajikistan
401,Wesley Bean,qbyrd@kennedy-harmon.com,Holy See (Vatican City State)
402,Casey Smith DDS,nicoleglover@barnes.com,Mexico
403,Gregory Cox MD,mooreangela@thompson-flores.com,South Africa
404,Randall Haynes,william33@hotmail.com,Bouvet Island (Bouvetoya)
405,Jordan Reilly,joseph35@yahoo.com,South Africa
406,Cindy Haney,bryan56@singh.com,Cyprus
407,Danielle Singh,kinglaura@king-mccoy.org,Anguilla
408,Marcia Arellano,danielnash@yahoo.com,Tonga
409,Jessica Dawson,rbullock@hotmail.com,Madagascar
410,Helen Velez DDS,sylviameyer@lawson.com,Namibia
411,John Hall,tylerjames@gilbert.com,Colombia
412,Ruben Jackson Jr.,fletcherrobert@yahoo.com,Hong Kong
413,Michelle Williams,chunt@yahoo.com,Burundi
414,John Fritz,johnsonbrandon@alvarado.net,Luxembourg
415,Brooke Goodwin,rhondavalenzuela@lozano-russell.net,American Samoa
416,Susan Little,vrodgers@warner.org,Bulgaria
417,Miguel Smith,barneskristine@hotmail.com,Croatia
418,Dustin Smith,annepatton@yahoo.com,Ecuador
419,Jonathan Chambers,lisa21@jensen-cantu.com,Zimbabwe
420,Crystal Park,dmitchell@graves.com,Turkmenistan
421,Jodi Morales,michael97@smith.com,Comoros
422,Isabel Barton,rogersarthur@hotmail.com,Montenegro
423,Glen Bray,davidcooper@kelly-hoffman.net,Solomon Islands
424,Mark Levy,dawn06@brandt.com,Honduras
425,Andrew Gordon,myoung@booker-thompson.com,Spain
426,Meghan Fox,oliverbianca@perez-hawkins.info,Thailand
427,Maria Smith,nguzman@hawkins.com,Slovenia
428,Thomas Bush,dwyatt@gmail.com,Nepal
429,Lawrence Perez,tmorton@jimenez-ruiz.com,Austria
430,Beverly Russell,ugraham@small-hamilton.com,Finland
431,Ricky Klein,shelby72@wilson-jensen.com,Mozambique
432,Gina Floyd,murphyvanessa@cardenas-russo.com,Gambia
433,Erik Luna,jacobbriggs@davis.biz,Ukraine
434,Ashley Davis,stephen02@gmail.com,Papua New Guinea
435,Madison Morgan,andersonpatrick@gmail.com,Hungary
436,Thomas Duncan,ssalazar@bass.com,Netherlands Antilles
437,Nicole Ware,brennanjames@hotmail.com,Falkland Islands (Malvinas)
438,Jeff Gonzales,madison66@gardner.biz,New Caledonia
439,Larry Hatfield,cameronfrancisco@garcia-atkins.info,Saint Martin
440,Curtis Jennings,hollycain@sosa.com,United States Virgin Islands
441,Frank Tate,theresa54@yahoo.com,Montenegro
442,Thomas Wright,michellemartin@scott.net,Malaysia
443,Brandi Mccann,vhutchinson@hotmail.com,Saint Lucia
444,Meagan Moreno,david19@williams.com,British Virgin Islands
445,Pamela Griffin,robertvillegas@english-moore.biz,Honduras
446,Chad Schwartz PhD,rroy@gmail.com,Mauritania
447,Nicole Dunn,nlewis@martinez.info,Belarus
448,Jessica Lawrence,janice05@yahoo.com,Luxembourg
449,Robert Meyer,jennifer42@davis.info,Denmark
450,Jeffrey Kirk,chavezsherri@petersen.com,Faroe Islands
451,Connie Hancock,frankjustin@washington.net,Brazil
452,Angela Nelson,shannonschroeder@yahoo.com,Mexico
453,Edward Thompson,gcook@hotmail.com,Saint Vincent and the Grenadines
454,Courtney Mcdaniel,dhughes@rivers-lloyd.biz,Swaziland
455,Mitchell Moss,kimberlystephens@brown.com,Ukraine
456,Maria Andersen,theresa20@gmail.com,Australia
457,Lisa English,nortonmelanie@yahoo.com,United Kingdom
458,Robert Griffin,theresa71@bryan.com,Austria
459,Judy Brown,stephen59@simpson-ramos.com,Slovenia
460,Vincent Morgan,mary79@yahoo.com,Liechtenstein
461,John Allen,tyler17@yahoo.com,Palestinian Territory
462,Daniel Murphy,mark38@gmail.com,Portugal
463,Lindsey Lozano,mariegoodman@yahoo.com,Kenya
464,April Gross,tabithagonzalez@yahoo.com,Pitcairn Islands
465,Laura Mills,averystephanie@mccoy.com,Kiribati
466,Jennifer Cooper,sanderson@hotmail.com,Samoa
467,Desiree Wallace,murphyfrederick@gmail.com,Niger
468,Frank Wallace,ohill@hotmail.com,New Caledonia
469,Joshua Olson,mary90@beck.com,Lao People's Democratic Republic
470,Ms. Anna Harvey,vincentsharp@gmail.com,Croatia
471,Kenneth Grant,rmendez@booth.com,Bulgaria
472,Alejandra Henderson DDS,scampbell@bennett-wells.info,Malawi
473,Ashley Jones,ykirby@hotmail.com,Madagascar
474,Eric Wheeler,penny94@hernandez-mclaughlin.com,Sri Lanka
475,Tanya Guerra,holdercharles@gmail.com,Djibouti
476,Keith Serrano,jonathan71@kennedy.com,Suriname
477,Shannon Wilson,jacquelineday@yahoo.com,Philippines
478,Nicole Williams,daniellechaney@smith.com,Angola
479,Samantha Peck,tasharodriguez@obrien-howell.com,Puerto Rico
480,Brooke Carter,brewermartha@yu.com,Egypt
481,Crystal Pacheco,johnsonlisa@hotmail.com,Togo
482,Jacob Garcia,zglass@russell.biz,United States of America
483,Wanda Hale,felicia70@hotmail.com,Antarctica (the territory South of 60 deg S)
484,Pamela Love,matthew45@yahoo.com,Turkey
485,Amanda Mills,todd77@hotmail.com,Oman
486,Stacey Kemp,heatherpark@gmail.com,Cameroon
487,Roberto Webb,stephanie49@stephens-hernandez.com,Cuba
488,Daniel Hall,jerry45@hotmail.com,Mauritius
489,Mrs. Katie Walker,jordanyoung@lewis.com,Lebanon
490,Larry Daniels,matthewgarcia@scott-beard.com,Bolivia
491,Angela Cervantes,jermaine50@gmail.com,Faroe Islands
492,Adrian Moore,collinpeters@hodge.info,Saudi Arabia
493,Alexis Charles,freemansummer@yahoo.com,Antarctica (the territory South of 60 deg S)
494,Douglas Bowman,ginalucas@lopez-baker.biz,Turks and Caicos Islands
495,Phillip Wood,ashley16@abbott.com,British Virgin Islands
496,Keith Huff,brownanthony@mays.com,Central African Republic
497,Corey Graves,alicia83@dixon.com,Indonesia
498,Peter Cunningham,frederickwilson@yahoo.com,French Polynesia
499,John Mann,joseph32@rodriguez.com,Indonesia
500,Kenneth Velez Jr.,andrea39@maynard-hill.biz,Tokelau
